n,decoded
1,utğgşpörhorşpıbpbcymşmşübvbhgşhurhrçfaöbpzatıçtıçrubnbvzüöbhzçfahbüabhmbızhzmşhüşpörnçşherüşmşpcbhdtmörhşuörmbözneznföıböbhtğrhörhşpvrsşmgşhnruurçşnerışpvşursrhubpzhbçbnvşüeşnjşöşğörprpsrhfçyülütpvrpüfabheznsbcbuzçbnülethtarçhföubübhbüröörhşpvrpdrövşkşporüşhörçeşnmrchrvrüşçtebkbmöbhzürıeşnçtesbucbpöbhzüynöbhzyğbüöbnçzheznföıböbhgşördrprvrşöügbsbhşöügbsbhvzürpççrgşördtprnazhzöazhzövzdlüutğtpvrmşerpörhuböpzğgyöcbhurnşööşüörhşpvrvrkşöüfabkzözabçzöebvzüöbhzsrhurhvrübövzhzeçbnöbhzpzpbhbızpvbgşörgfubçzufhurnrhşufhvyübuzpübcbübüvşürpbkbmöbhzsfnüfüyöyçbaçbğrubahbüöbhbmzufhzsöbeyhbkbmöbhzhzpçfeyhoyüöbhzabçözufhvyübhdböbhırhmrörhdtcrhoşpörhşöügbsbhzpcrhvşkşprnruöruycböbhzpzubaebubgbnöbeznçzgşörglhçtglorüdtprnşpzizççzkzvycbhvşaörhşpvrczğzövbnzufhvygşçüşörhvrüynöbhvbglorüörhvrmfoyüöbhvbprnröşuvşörhdrödröröşeşpıbpöbhgtutüurçşnüşpşpıbpöbhgşhgşhörhşpşübpvzhebuzgşhgşhörhşpşrğeruşıthvthtufhöbhvzşpıbpöbhgyşöügbsbhıbgbszpzpçteobpözöbhzheyçöyöykyşmşpubhbçzöeznvfkbpzpgydtğrööşkşpşpvrkşögşhgşhörhşprstüerçerüşmşpyuvyhvyüöbhznruörhşplpreöşüyçıböfövykyşpbpozpvbuvzöbh
2,tşgfsöopğnpsöhaöabvlslsuaüağfsğtpğpcezoaöyzşhcşhcptamaüyuoağycezğauzağlahyğylsğusöopmcsğdpuslsöbağçşlopğstoplaoymdymeohaoağşgpğopğsöüprslfsğmpttpcsmdphsöüstprpğtaöyğacamüsudsmisosgopöpörpğecvukuşöüpöuezağdymrabatycamukdşğşzpcğeotauağaupoopğsöüpöçpoüsjsönpusğopcdsmlpbğpüpuscşdajaloağyuphdsmcşdratbaöoağyuvmoağyvgauoamcyğdymeohaoağfsopçpöpüpsoufarağsoufarağüyupöccpfsopçşöpmzyğyozyğyoüyçkutşgşöüplsdpöopğtaoöygfvobağtpmsoosuopğsöüpüpjsouezajyoyzacyodaüyuoağyrpğtpğüpuaoüyğydcamoağyöyöağahyöüafsopfetacyteğtpmpğsteğüvuatyöuabauauüsupöajaloağyremueuvovcazcagptazğauoağalyteğyroadvğajaloağyğyöcedvğnvuoağyzacoyteğüvuağçaoağhpğlpopğçşbpğnsöopğsoufarağyöbpğüsjsöpmptoptvbaoağyöytazdatafamoadymcyfsopfkğcşfknpuçşöpmsöyıyccyjyüvbağüszopğsöüpbygyoüamyteğüvfscusopğüpuvmoağüafknpuopğüplenvuoağüaöpmpostüsopğçpoçpoposdsöhaöoağfştşutpcsmusösöhaöoağfsğfsğopğsösuaöüyğdatyfsğfsğopğsöspgdptshşğüşğşteğoağüysöhaöoağfvsoufarağhafaryöyöcşdnaöoyoağyğdvcovovjvslsötağacyodymüejaöyöfvçşgpoosjsösöüpjsofsğfsğopğsöprşudpcdpuslsövtüvğüvuoağymptopğsököpdosuvchaoeoüvjvsöaönyöüatüyoağ
3,şsferonögmöroğzozaükrkrtzuzgergşögöbdynzovysğbsğböşzlzuvtnzgvbdygztyzgkzğvgvkrgtronölbrgçötrkroazgcsknögrşnökznvlçvldnğznzgsfögnögrouöprkerglöşşöbrlçöğrourşöpögşzovgzbzlurtçrlırnrfnöoöopögdbütjtsouöotdyzgçvlpzazşvbzltjçsgsyöbgdnşztzgztönnögrouöocönuriromötrgnöbçrlköagöuötrbsçzizknzgvtöğçrlbsçpzşazonzgvtülnzgvüfztnzlbvgçvldnğznzgernöcöoöuörntezpzgrntezpzguvtöobböernöcsoölyvgvnyvgvnuvcjtşsfsouökrçöonögşznovfeünazgşölrnnrtnögrouöuöirntdyzivnvyzbvnçzuvtnzgvpögşöguötznuvgvçbzlnzgvovozgzğvouzernöedşzbvşdgşölögrşdguützşvotzaztzturtöozizknzgvpdltdtünübzybzföşzygztnzgzkvşdgvpnzçügzizknzgvgvobdçügmütnzgvyzbnvşdguützgcznzgğögkönögcsaögmronögrntezpzgvoaöguriroölöşnöşüaznzgvovşzyçzşzezlnzçvlbvernöejgbsejmötcsoölrovhvbbvivuüazgurynögrouöavfvnuzlvşdguüerbtrnöguötülnzguzejmötnöguökdmütnzguzoölönrşurnögcöncönönrçroğzonzgesşstşöbrltroroğzonzgergergnögrortzouvgçzşvergergnögroröfçöşrğsgusgsşdgnzguvroğzonzgeürntezpzgğzezpvovobsçmzonvnzgvgçübnünüiürkroşzgzbvnçvludizovoeücsfönnrirorouöirnergergnögroöpstçöbçötrkroüşuüguütnzgvlöşnögrojoöçnrtübğzndnuüiürozomvouzşuvnzg
4,sredpnmoflopngynyzujpjpşytyfdpfsofoaçvmynüvrgargaosykytüşmyfüaçvfyşvyfjygüfüjpfşpnmokapfcoşpjpnzyfbrjmofpsmojymükcükçmgymyfreofmofpntoöpjdpfkossoapkcogpntpsoöofsynüfyayktpşcpkhpmpemononöofçauşişrntonşçvyfcüköyzysüaykşicrfrvoafçmsyşyfyşommofpntonbomtpıpnloşpfmoacpkjozfotoşparcyıyjmyfüşogcpkarcöyszynmyfüşukmyfüueyşmykaüfcükçmgymyfdpmobonotopmşdyöyfpmşdyöyftüşonaaodpmobrnokvüfümvüfümtübişsrerntojpconmofsymnüedumzyfsokpmmpşmofpntotoıpmşçvyıümüvyaümcytüşmyfüöofsoftoşymtüfücaykmyfününyfygüntydpmodçsyaüsçfsokofpsçftuşysünşyzyşyştpşonyıyjmyfüöçkşçşumuayvayeosyvfyşmyfyjüsçfüömycufyıyjmyfüfünaçcufluşmyfüvyamüsçftuşyfbymyfgofjomofbrzoflpnmofpmşdyöyfünzoftpıpnokosmosuzymyfünüsyvcysydykmycükaüdpmodifardiloşbrnokpnüğüaaüıütuzyftpvmofpntozüeümtyküsçftudpaşpmoftoşukmyftydiloşmoftojçluşmyftynokompstpmofbombomompcpngynmyfdrsrşsoapkşpnpngynmyfdpfdpfmofpnpşyntüfcysüdpfdpfmofpnpoecospgrftrfrsçfmyftüpngynmyfdupmşdyöyfgydyöününarclynmümyfüfcuamumuıupjpnsyfyaümcüktçıynündubreommpıpnpntoıpmdpfdpfmofpnoörşcoacoşpjpnustuftuşmyfükosmofpninocmpşuagymçmtuıupnynlüntystümyf
5,rpdçömlneknömfvmvytiöiösvşveçöernenzcülvmuüpfzpfznrvjvşuslveuzcüevsüveivfueuiöesömlnjzöebnsöiömyveapilneörlnivlujbujclfvlvepdnelneömşnoöiçöejnrrnzöjbnfömşörnonervmuevzvjşösböjğölödlnmnmonecztsıspmşnmscüvebujovyvruzvjsıbpepünzeclrvsvevsnllneömşnmanlşöhömknsöelnzböjinyenşnsözpbvhvilveusnfböjzpbovryvmlveustjlveutdvslvjzuebujclfvlveçölnanmnşnölsçvoveölsçvoveşusnmzznçölnapmnjüueulüueulşuaısrpdpmşniöbnmlnervlmudçtlyvernjöllöslneömşnşnhölscüvhuluüvzulbvşuslveuonerneşnsvlşueubzvjlveumumvevfumşvçölnçcrvzurcernjneörceştsvrumsvyvsvsşösnmvhvilveuocjscstltzvüzvdnrvüevslveviurceuolvbtevhvilveueumzcbtektslveuüvzlurceştsveavlvefneinlneapynekömlneölsçvoveumyneşöhömnjnrlnrtyvlveumurvübvrvçvjlvbujzuçölnçıezpçıknsapmnjömuguzzuhuştyveşöülneömşnyudulşvjurceştçözsölneşnstjlveşvçıknslneşnicktslveşvmnjnlörşölneanlanlnlöbömfvmlveçprpsrnzöjsömömfvmlveçöeçöelneömösvmşuebvruçöeçöelneömöndbnröfpeşpeprcelveşuömfvmlveçtölsçvovefvçvoumumzpbkvmlulveuebtzltlthtöiömrvevzulbujşchvmumçtapdnllöhömömşnhölçöeçöelneömnopsbnzbnsöiömtrşteştslveujnrlneömımnblöstzfvlclşthtömvmkumşvrşulve
6,pöçcolkmdjmoleülüvşıoıorüsüdcodpmdmybukültuöeyöeympüiüstrküdtybudüruüdıüetdtıodrolkmiyodamroıolvüdzöıkmdopkmıüktiatibkeüküdöçmdkmdolsmnoıcodimppmyoiameolsopmnmdpültdüyüisoraoigokoçkmlmlnmdbyşrhrölsmlrbuüdatinüvüptyüirhaödöumydbkpürüdürmkkmdolsmlzmksoğoljmrodkmyaoiımvdmsmroyöaüğüıküdtrmeaoiyöanüpvülküdtrşiküdtşçürküiytdatibkeüküdcokmzmlmsmokrcünüdokrcünüdstrmlyymcokmzölmiutdtkutdtkstzhrpöçölsmıoamlkmdpükltçcşkvüdpmiokkorkmdolsmsmğokrbuüğtktuüytkaüstrküdtnmdpmdsmrükstdtayüiküdtltlüdüetlsücokmcbpüytpbdpmimdopbdsşrüptlrüvürürsormlüğüıküdtnbirbrşkşyüuyüçmpüudürküdüıtpbdtnküaşdüğüıküdtdtlybaşdjşrküdtuüyktpbdsşrüdzüküdemdımkmdzövmdjolkmdokrcünüdtlvmdsoğolmimpkmpşvüküdtltpüuaüpücüiküatiytcokmchdyöchjmrzölmioltftyytğtsşvüdsoukmdolsmvtçtksüitpbdsşcoyrokmdsmrşiküdsüchjmrkmdsmıbjşrküdsülmimkopsokmdzmkzmkmkoaoleülküdcöpörpmyoirololeülküdcodcodkmdolorülstdaüptcodcodkmdolomçampoeödsödöpbdküdstoleülküdcşokrcünüdeücüntltlyöajülktküdtdaşykşkşğşoıolpüdüytkatisbğültlcşzöçmkkoğololsmğokcodcodkmdolmnöramyamroıolşpsşdsşrküdtimpkmdolhlmakorşyeükbksşğşolüljtlsüpstküd
7,öocbnkjlçilnkdukuüshnhnpuruçbnçölçlvatjukştodvodvlöuıurşpjuçşvatçuptuçhudşçşhnçpnkjlıvnçzlpnhnküuçyohjlçnöjlhujşızşıajdujuçoclçjlçnkrlmnhbnçılöölvnızldnkrnölmlçöukşçuvuırnpznıfnjncjlklkmlçavspğpokrlkpatuçzşımuüuöşvuıpğzoçotlvçajöupuçupljjlçnkrlkyljrngnkilpnçjlvznıhlüçlrlpnvozuguhjuçşpldznıvozmuöüukjuçşpsıjuçşscupjuıvşçzşıajdujuçbnjlylklrlnjpbumuçnjpbumuçrşplkvvlbnjlyoklıtşçşjtşçşjrşyğpöocokrlhnzlkjlçöujkşcbsjüuçölınjjnpjlçnkrlrlgnjpatugşjştuvşjzurşpjuçşmlçölçrlpujrşçşzvuıjuçşkşkuçudşkrubnjlbaöuvşöaçölılçnöaçrspuöşkpuüupuprnplkuguhjuçşmaıpapsjsvutvuclöutçupjuçuhşöaçşmjuzsçuguhjuçşçşkvazsçispjuçştuvjşöaçrspuçyujuçdlçhljlçyoülçinkjlçnjpbumuçşkülçrngnklılöjlösüujuçşkşöutzuöubuıjuzşıvşbnjlbğçvobğilpyoklınkşeşvvşgşrsüuçrntjlçnkrlüşcşjruışöaçrsbnvpnjlçrlpsıjuçrubğilpjlçrlhaispjuçruklıljnörnjlçyljyljljnznkdukjuçboöopölvnıpnknkdukjuçbnçbnçjlçnknpukrşçzuöşbnçbnçjlçnknlczlöndoçroçoöaçjuçrşnkdukjuçbsnjpbumuçdubumşkşkvoziukjşjuçşçzsvjsjsgsnhnköuçuvşjzşıragukşkbsyocljjngnknkrlgnjbnçbnçjlçnklmopzlvzlpnhnksörsçrspjuçşılöjlçnkğklzjnpsvdujajrsgsnkukişkruörşjuç
8,onbamjikcıkmjçtjturğmğmötptcamcokcküzşitjsşnçünçükothtpsöitcsüzşctöştcğtçscsğmcömjikhümcykömğmjutcvnğikcmoikğtishyshziçtitcnbkcikcmjpklmğamchkookümhykçmjpmoklkcotjsctüthpmöymhemimbikjkjlkczürögönjpkjözştcyshltutosüthögyncnşkücziotötctökiikcmjpkjvkipmfmjıkömciküymhğkuckpkömünytftğitcsökçymhünyltoutjitcsörhitcsrbtöithüscyshziçtitcamikvkjkpkmiöatltcmiöatltcpsökjüükamikvnjkhşscsişscsipsvgöonbnjpkğmykjikcotijsbariutcokhmiimöikcmjpkpkfmiözştfsisştüsiytpsöitcslkcokcpkötipscsyüthitcsjsjtctçsjptamikazotüsozcokhkcmozcprötosjötutötöpmökjtftğitcslzhözörirütşütbkotşctöitctğsozcslityrctftğitcscsjüzyrcıröitcsştüisozcprötcvtitcçkcğkikcvnukcımjikcmiöatltcsjukcpmfmjkhkoikorutitcsjsotşytotathityshüsamikagcünagıkövnjkhmjsdsüüsfsprutcpmşikcmjpkusbsipthsozcpramüömikcpkörhitcptagıköikcpkğzıröitcptjkhkimopmikcvkivkikimymjçtjitcanonöokümhömjmjçtjitcamcamcikcmjmötjpscytosamcamcikcmjmkbykomçncpncnozcitcpsmjçtjitcarmiöatltcçtatlsjsjünyıtjisitcscyrüirirfrmğmjotctüsiyshpzftjsjarvnbkiimfmjmjpkfmiamcamcikcmjklnöyküykömğmjroprcpröitcshkoikcmjgjkyimörüçtiziprfrmjtjısjptopsitc
9,nmazliıjbhjlicşiştpglgloşöşbzlbnjbjuysışirsmcumcujnşğşöroışbruysbşosşbgşcrbrglboliıjğulbvjolglitşbümgıjblnıjgşırğvrğyıcşışbmajbıjbliöjklgzlbğjnnjulğvjcliölnjkjbnşirbşuşğölovlğdlılaıjijikjbyupofomiöjioysşbvrğkştşnruşğofvmbmsjubyınşoşbşojııjbliöjiüjıölelihjolbıjuvlğgjtbjöjolumvşeşgışbrojcvlğumvkşntşiışbropğışbrpaşoışğurbvrğyıcşışbzlıjüjijöjlıozşkşblıozşkşbörojiuujzlıjümijğsrbrısrbrıörüfonmamiöjglvjiıjbnşıirazpıtşbnjğlııloıjbliöjöjelıoysşerırsşurıvşöroışbrkjbnjböjoşıörbrvuşğışbririşbşcriöşzlıjzynşurnybnjğjblnyböpoşnrioştşoşoölojişeşgışbrkyğoyopıpuşsuşajnşsbşoışbşgrnybrkışvpbşeşgışbrbriuyvpbhpoışbrsşuırnyböpoşbüşışbcjbgjıjbümtjbhliıjblıozşkşbritjbölelijğjnıjnptşışbrirnşsvşnşzşğışvrğurzlıjzfbumzfhjoümijğlirçruureröptşbölsıjbliöjtrarıöşğrnyböpzluolıjböjopğışböşzfhjoıjböjgyhpoışböşijğjılnölıjbüjıüjıjılvlicşiışbzmnmonjulğolilicşiışbzlbzlbıjbliloşiörbvşnrzlbzlbıjbliljavjnlcmbömbmnybışbörlicşiışbzplıozşkşbcşzşkririumvhşiırışbrbvpuıpıpeplglinşbşurıvrğöyeşirizpümajııleliliöjelızlbzlbıjblijkmovjuvjolglipnöpböpoışbrğjnıjblifijvılopucşıyıöpeplişihriöşnörışb
10,mlzykıhiağikıbsısşöfkfknsosaykamiaitvrhsıprlbtlbtimsgsopnhsaptvrasnrsafsbpapfkankıhigtkaüinkfkışsaulfhiakmhifshpgüpgvhbshsalziahiakıoijkfykagimmitkgüibkıokmijiamsıpastsgoknükgçkhkzhiıiıjiavtönenlıoiınvrsaüpgjsşsmptsgneülalritavhmsnsasnihhiakıoiıuihokdkığinkahitükgfişaioinktlüsdsfhsapnibükgtlüjsmşsıhsapnöghsapözsnhsgtpaüpgvhbshsaykhiuiıioikhnysjsakhnysjsaopniıttiykhiulıigrpaphrpaphopuenmlzlıoifküiıhiamshıpzyöhşsamigkhhknhiakıoioidkhnvrsdphprstphüsopnhsapjiamiaoinshopapütsghsapıpısasbpıosykhiyvmstpmvamigiakmvaoönsmpınsşsnsnokniısdsfhsapjvgnvnöhötsrtszimsrasnhsasfpmvapjhsüöasdsfhsapapıtvüöağönhsaprsthpmvaoönsaushsabiafihiaulşiağkıhiakhnysjsapışiaokdkıigimhimöşshsapıpmsrüsmsysghsüpgtpykhiyeatlyeğinulıigkıpcpttpdpoöşsaokrhiakıoişpzphosgpmvaoöyktnkhiaoinöghsaosyeğinhiaoifvğönhsaosıigihkmokhiauihuihihkükıbsıhsaylmlnmitkgnkıkıbsıhsaykaykahiakıknsıopaüsmpykaykahiakıkizüimkblaolalmvahsaopkıbsıhsayökhnysjsabsysjpıpıtlüğsıhphsapaüöthöhödökfkımsastphüpgovdsıpıyöulzihhkdkıkıoidkhykaykahiakıijlnüitüinkfkıömoöaoönhsapgimhiakıeıiühknötbshvhoödökısığpıosmophsa
11,lkyvjhğızgıjharhrsoejejmrnrzvjzlızışüpğrhöpkaşkaşılrfrnömğrzöşüpzrmprzeraözöejzmjhğıfşjzuımjejhsrztkeğızjlğıerğöfuöfüğarğrzkyızğızjhnıijevjzfıllışjfuıajhnjlıiızlrhözrşrfnjmujfcjğjyğıhıhiızüşomdmkhnıhmüprzuöfirsrlöşrfmdukzkpışzüğlrmrzrmığğızjhnıhtığnjçjhgımjzğışujfeıszınımjşkurçreğrzömıaujfşkuirlsrhğrzömofğrzöoyrmğrfşözuöfüğarğrzvjğıtıhınıjğmvrirzjğmvrirznömıhşşıvjğıtkhıfpözöğpözöğnötdmlkykhnıejuıhğızlrğhöyvoğsrzlıfjğğjmğızjhnınıçjğmüprçöğöprşöğurnömğrzöiızlıznımrğnözöuşrfğrzöhöhrzraöhnrvjğıvülrşölüzlıfızjlüznomrlöhmrsrmrmnjmıhrçreğrzöiüfmümoğoşrpşryılrpzrmğrzreölüzöiğruozrçreğrzözöhşüuozgomğrzöprşğölüznomrztrğrzaızeığıztksızgjhğızjğmvrirzöhsıznjçjhıfılğılosrğrzöhölrpurlrvrfğruöfşövjğıvdzşkvdgımtkhıfjhöböşşöçönosrznjpğızjhnısöyöğnrfölüznovjşmjğıznımofğrznrvdgımğıznıeügomğrznrhıfığjlnjğıztığtığığjujharhğrzvklkmlışjfmjhjharhğrzvjzvjzğızjhjmrhnözurlövjzvjzğızjhjıyuıljakznkzklüzğrznöjharhğrzvojğmvrirzarvriöhöhşkugrhğöğrzözuoşğoğoçojejhlrzrşöğuöfnüçrhöhvotkyığğjçjhjhnıçjğvjzvjzğızjhıikmuışuımjejholnoznomğrzöfılğızjhdhıuğjmoşarğüğnoçojhrhgöhnrlnöğrz
12,kjvüiğghyfhiğzpğprndidilpmpyüiykhyhsuögpğoöjzsjzshkpepmolgpyosuöyplöpydpzoyodiyliğghesiythlidiğrpyşjdghyikghdpgoetoeugzpgpyjvhyghyiğmhıidüiyehkkhsiethziğmikhıhykpğoypspemiltiebigivghğhğıhyusnlçljğmhğluöpytoeıprpkospelçtjyjöhsyugkplpyplhgghyiğmhğşhgmiciğfhliyghstiedhryhmhlisjtpcpdgpyolhztiesjtıpkrpğgpyolnegpyonvplgpesoytoeugzpgpyüighşhğhmhiglüpıpyiglüpıpymolhğsshüighşjğheöoyogöoyogmoşçlkjvjğmhdithğghykpgğovüngrpykheiggilghyiğmhmhcigluöpcogoöpsogtpmolgpyoıhykhymhlpgmoyotspegpyoğoğpypzoğmpüighüukpsokuykhehyikuymnlpkoğlprplplmilhğpcpdgpyoıuelulngnspöspvhkpöyplgpypdokuyoıgptnypcpdgpyoyoğsutnyfnlgpyoöpsgokuymnlpyşpgpyzhydhghyşjrhyfiğghyiglüpıpyoğrhymiciğhehkghknrpgpyoğokpötpkpüpegptoesoüighüçysjüçfhlşjğheiğoaossocomnrpymiöghyiğmhrovogmpeokuymnüislighymhlnegpympüçfhlghymhdufnlgpympğhehgikmighyşhgşhghgitiğzpğgpyüjkjlkhsieliğiğzpğgpyüiyüiyghyiğilpğmoytpkoüiyüiyghyiğihvthkizjymjyjkuygpymoiğzpğgpyüniglüpıpyzpüpıoğoğsjtfpğgogpyoytnsgngncnidiğkpypsogtoemucpğoğünşjvhggiciğiğmhcigüiyüiyghyiğhıjlthsthlidiğnkmnymnlgpyoehkghyiğçğhtgilnszpgugmncniğpğfoğmpkmogpy
13,jiüuıgfğveğıgyögöpmçıçıkölövuıvjğvğrtofögnoiyriyrğjödölnkfövnrtovökoövçöynvnçıvkıgfğdrıvşğkıçıgpövsiçfğvıjfğçöfndşndtfyöföviüğvfğvıglğhıçuıvdğjjğrıdşğyıglıjğhğvjögnvörödlıkşıdaıfıüfğgğghğvtrmkckiglğgktoövşndhöpöjnrödkcşivioğrvtfjökövökğffğvıglğgsğflıbıgeğkıvfğrşıdçğpvğlğkırişöböçfövnkğyşıdrişhöjpögfövnkmdfövnmüökfödrnvşndtfyöfövuıfğsğgğlğıfkuöhövıfkuöhövlnkğgrrğuıfğsigğdonvnfonvnflnsckjiüiglğçışğgfğvjöfgnüumfpövjğdıffıkfğvıglğlğbıfktoöbnfnoörnfşölnkfövnhğvjğvlğköflnvnşrödfövngngövöynglöuıfğutjörnjtvjğdğvıjtvlmköjngköpököklıkğgöböçfövnhtdktkmfmröoröüğjöovökfövöçnjtvnhföşmvöböçfövnvngrtşmvemkfövnoörfnjtvlmkövsöfövyğvçğfğvsipğveıgfğvıfkuöhövngpğvlıbıgğdğjfğjmpöfövngnjöoşöjöuödföşndrnuıfğucvriuceğksigğdıgnznrrnbnlmpövlıofğvıglğpnünflödnjtvlmuırkıfğvlğkmdfövlöuceğkfğvlğçtemkfövlögğdğfıjlıfğvsğfsğfğfışıgyögfövuijikjğrıdkıgıgyögfövuıvuıvfğvıgıköglnvşöjnuıvuıvfğvıgığüşğjıyivlivijtvfövlnıgyögfövumıfkuöhövyöuöhngngrişeögfnfövnvşmrfmfmbmıçıgjövörnfşndltbögngumsiüğffıbıgıglğbıfuıvuıvfğvıgğhikşğrşğkıçıgmjlmvlmkfövndğjfğvıgcgğşfıkmryöftflmbmıgögenglöjlnföv
14,iıuthfegüdghfvofoölchchjokoüthüigügpşneofmnıvpıvpgioçokmjeoümpşnüojnoücovmümchüjhfegçphüsgjhchföoürıcegühiegcoemçsmçşevoeoüıugüegühfkgğhcthüçgiigphçsgvhfkhigğgüiofmüopoçkhjshçzhehuegfgfğgüşpljbjıfkgfjşnoüsmçğoöoimpoçjbsıüıngpüşeiojoüojgeegühfkgfrgekhahfdgjhüegpshçcgöügkgjhpısoaoceoümjgvshçpısğoiöofeoümjlçeoümluojeoçpmüsmçşevoeoüthegrgfgkghejtoğoühejtoğoükmjgfppgthegrıfgçnmümenmümekmrbjiıuıfkgchsgfegüioefmutleöoüigçheehjegühfkgkgahejşnoamemnopmesokmjeoümğgüigükgjoekmümspoçeoümfmfoüovmfkothegtşiopmişüigçgühişükljoimfjoöojojkhjgfoaoceoümğşçjşjlelponpougionüojeoüocmişümğeoslüoaoceoümümfpşslüdljeoümnopemişükljoüroeoüvgücgegürıögüdhfegühejtoğoümfögükhahfgçgiegilöoeoümfmionsoiotoçeosmçpmthegtbüpıtbdgjrıfgçhfmymppmamklöoükhnegühfkgömumekoçmişüklthpjhegükgjlçeoükotbdgjegükgcşdljeoükofgçgehikhegürgergegehshfvofeoütıiıjigphçjhfhfvofeoüthüthüegühfhjofkmüsoimthüthüegühfhgusgihvıükıüıişüeoükmhfvofeoütlhejtoğoüvotoğmfmfpısdofemeoümüslpelelalhchfioüopmesmçkşaofmftlrıugeehahfhfkgahethüthüegühfgğıjsgpsgjhchfliklükljeoümçgiegühfbfgsehjlpvoeşeklalhfofdmfkoikmeoü
15,ıhtşğedfuçfğeünenokbğbğinjnuşğuıfufösmdnelmhüöhüöfıncnjlidnulösmunimnubnülulbğuiğedfcöğurfiğbğeonuphbdfuğıdfbndlcrlcsdündnuhtfudfuğejfgğbşğucfııföğcrfüğejğıfgfuınelunöncjğirğcyğdğtdfefegfusökiaihejfeismnurlcgnonılönciarhuhmföusdıninunifddfuğejfepfdjğzğeçfiğudförğcbfoufjfiğöhrnznbdnulifürğcöhrgnıonednulikcdnulktnidncölurlcsdündnuşğdfpfefjfğdişngnuğdişngnujlifeööfşğdfphefcmluldmluldjlpaiıhthejfbğrfedfuındeltşkdonuıfcğddğidfuğejfjfzğdismnzldlmnöldrnjlidnulgfuıfujfindjlulröncdnulelenunülejnşğdfşsınölısuıfcfuğısujkinıleinoninijğifenznbdnulgscisikdkönmöntfınmunidnunblısulgdnrkunznbdnululeösrkuçkidnulmnödlısujkinupndnuüfubfdfuphofuçğedfuğdişngnuleofujğzğefcfıdfıkondnulelınmrnınşncdnrlcölşğdfşauöhşaçfiphefcğelvlöölzljkonujğmdfuğejfoltldjnclısujkşğöiğdfujfikcdnujnşaçfidfujfbsçkidnujnefcfdğıjğdfupfdpfdfdğrğeünednuşhıhiıföğciğeğeünednuşğuşğudfuğeğinejlurnılşğuşğudfuğeğftrfığühujhuhısudnujlğeünednuşkğdişngnuünşngleleöhrçnedldnulurködkdkzkğbğeınunöldrlcjszneleşkphtfddğzğeğejfzğdşğuşğudfuğefghirförfiğbğekıjkujkidnulcfıdfuğeaefrdğiköündsdjkzkğeneçlejnıjldnu
16,hğşsgdçetcegdumdmnjagagımimtsgtheteorlçmdklğuoğuoehmbmikıçmtkorltmılmtamuktkagtıgdçebogtpeıgagdnmtöğaçetghçeamçkbpkbrçumçmtğşetçetgdiefgasgtbehheogbpeugdighefethmdktmombigıpgbvgçgşçededfetrojızığdiedırlmtpkbfmnmhkombızpğtğleotrçhmımtmıeççetgdiedöeçigygdceıgtçeopgbaenteieıgoğpmymaçmtkıeupgboğpfmhnmdçmtkıjbçmtkjşmıçmboktpkbrçumçmtsgçeöedeiegçısmfmtgçısmfmtikıedooesgçeöğdeblktkçlktkçiközıhğşğdieagpedçethmçdkşsjçnmthebgççgıçetgdieieygçırlmykçklmokçpmikıçmtkfethetieımçiktkpombçmtkdkdmtmukdimsgçesrhmokhrthebetghrtijımhkdımnmımıigıedmymaçmtkfrbırıjçjomlomşehmltmıçmtmakhrtkfçmpjtmymaçmtktkdorpjtcjıçmtklmoçkhrtijımtömçmtuetaeçetöğnetcgdçetgçısmfmtkdnetigygdebehçehjnmçmtkdkhmlpmhmsmbçmpkboksgçesztoğszceıöğdebgdkükookykijnmtiglçetgdienkşkçimbkhrtijsgoıgçetieıjbçmtimszceıçetiearcjıçmtimdebeçghigçetöeçöeçeçgpgdumdçmtsğhğıheogbıgdgdumdçmtsgtsgtçetgdgımdiktpmhksgtsgtçetgdgeşpehguğtiğtğhrtçmtikgdumdçmtsjgçısmfmtumsmfkdkdoğpcmdçkçmtktpjoçjçjyjgagdhmtmokçpkbirymdkdsjöğşeççgygdgdieygçsgtsgtçetgdefğıpeopeıgagdjhijtijıçmtkbehçetgdzdepçgıjoumçrçijyjgdmdckdimhikçmt
17,ğgsrfçcdşbdfçtlçlmizfzfhlılşrfşğdşdnpkclçjkgtngtndğlalıjhclşjnpkşlhklşzltjşjzfşhfçcdanfşödhfzfçmlşogzcdşfğcdzlcjaöjapctlclşgsdşcdşfçıdefzrfşadğğdnfaödtfçıfğdedşğlçjşlnlaıfhöfaüfcfscdçdçedşpnihyhgçıdçhpklşöjaelmlğjnlahyögşgkdnşpcğlhlşlhdccdşfçıdçodcıfvfçbdhfşcdnöfazdmşdıdhfngölvlzclşjhdtöfangöelğmlçclşjhiaclşjislhclanjşöjapctlclşrfcdodçdıdfchrlelşfchrlelşıjhdçnndrfcdogçdakjşjckjşjcıjoyhğgsgçıdzfödçcdşğlcçjsricmlşğdafccfhcdşfçıdıdvfchpklvjcjklnjcölıjhclşjedşğdşıdhlcıjşjönlaclşjçjçlşltjçılrfcdrpğlnjğpşğdadşfğpşıihlğjçhlmlhlhıfhdçlvlzclşjepahphicinlknlsdğlkşlhclşlzjğpşjeclöişlvlzclşjşjçnpöişbihclşjklncjğpşıihlşolclştdşzdcdşogmdşbfçcdşfchrlelşjçmdşıfvfçdadğcdğimlclşjçjğlkölğlrlaclöjanjrfcdryşngrybdhogçdafçjujnnjvjıimlşıfkcdşfçıdmjsjcılajğpşıirfnhfcdşıdhiaclşılrybdhcdşıdzpbihclşılçdadcfğıfcdşodcodcdcföfçtlçclşrgğghğdnfahfçfçtlçclşrfşrfşcdşfçfhlçıjşölğjrfşrfşcdşfçfdsödğftgşıgşgğpşclşıjfçtlçclşrifchrlelştlrlejçjçngöblçcjclşjşöincicivifzfçğlşlnjcöjaıpvlçjçriogsdccfvfçfçıdvfcrfşrfşcdşfçdeghödnödhfzfçiğıişıihclşjadğcdşfçyçdöcfhintlcpcıivifçlçbjçılğıjclş
18,gfrpecbçsaçecşkcklıyeyeğkhkspesgçsçmöjbkcijfşmfşmçgkzkhiğbksimöjskğjksykşisiyesğecbçzmesoçğeyeclksnfybçsegbçykbizoizöbşkbksfrçsbçsechçdeypeszçggçmezoçşechegçdçsgkciskmkzheğoezueberbçcçcdçsömığvğfchçcğöjksoizdklkgimkzğvofsfjçmsöbgkğkskğçbbçsechçcnçbheüecaçğesbçmoezyçlsçhçğemfokükybksiğçşoezmfodkglkcbksiğızbksiırkğbkzmisoizöbşkbkspebçnçcçhçebğpkdksebğpkdkshiğçcmmçpebçnfcçzjisibjisibhinvğgfrfchçyeoçcbçsgkbcirpıblksgçzebbeğbçsechçhçüebğöjküibijkmibokhiğbksidçsgçshçğkbhisiomkzbksicickskşichkpebçpögkmigösgçzçsegöshığkgicğklkğkğheğçckükybksidözğöğıbımkjmkrçgkjskğbkskyigösidbkoıskükybksisicmöoısaığbksijkmbigöshığksnkbksşçsyçbçsnflçsaecbçsebğpkdksiclçsheüecçzçgbçgılkbksicigkjokgkpkzbkoizmipebçpvsmfpvaçğnfcçzecitimmiüihılkshejbçsechçliribhkzigöshıpemğebçshçğızbkshkpvaçğbçshçyöaığbkshkcçzçbeghebçsnçbnçbçbeoecşkcbkspfgfğgçmezğececşkcbkspespesbçseceğkchisokgipespesbçseceçroçgeşfshfsfgösbkshiecşkcbkspıebğpkdksşkpkdicicmfoakcbibksisoımbıbıüıeyecgkskmiboizhöükcicpınfrçbbeüecechçüebpespesbçsecçdfğoçmoçğeyecıghıshığbksizçgbçsecvcçobeğımşkböbhıüıeckcaichkghibks
19,fepödbacrzcdbsjbjkhvdvdgjğjrödrfcrcloiajbıiesleslcfjyjğıgajrıloirjgijrvjsırıvdrgdbacyldrncgdvdbkjrmevacrdfacvjaıynıyoasjajrepcracrdbğcçdvödrycffcldyncsdbğdfcçcrfjbırjljyğdgndytdadpacbcbçcrolhgügebğcbgoijrnıyçjkjfıljygünereiclroafjgjrjgcaacrdbğcbmcağdudbzcgdraclndyvckrcğcgdlenjujvajrıgcsndylençjfkjbajrıghyajrıhpjgajylırnıyoasjajrödacmcbcğcdagöjçjrdagöjçjrğıgcbllcödacmebcyiırıaiırıağımügfepebğcvdncbacrfjabıpöhakjrfcydaadgacrdbğcğcudagoijuıaıijlıanjğıgajrıçcrfcrğcgjağırınljyajrıbıbjrjsıbğjödacöofjlıforfcycrdforğhgjfıbgjkjgjgğdgcbjujvajrıçoygoghahljiljpcfjirjgajrjvıforıçajnhrjujvajrırıblonhrzhgajrıijlaıforğhgjrmjajrscrvcacrmekcrzdbacrdagöjçjrıbkcrğdudbcycfacfhkjajrıbıfjinjfjöjyajnıylıödacöürleöüzcgmebcydbışıllıuığhkjrğdiacrdbğckıpıağjyıforğhödlgdacrğcghyajrğjöüzcgacrğcvozhgajrğjbcycadfğdacrmcamcacadndbsjbajröefegfcldygdbdbsjbajrödrödracrdbdgjbğırnjfıödrödracrdbdcpncfdserğereforajrğıdbsjbajröhdagöjçjrsjöjçıbıblenzjbaıajrırnhlahahuhdvdbfjrjlıanıyğoujbıböhmepcaadudbdbğcudaödrödracrdbcçegnclncgdvdbhfğhrğhgajrıycfacrdbübcnadghlsjaoağhuhdbjbzıbğjfğıajr
20,edöoçazbpybçariaijğüçüçfigipoçpebpbknıziahıdrkdrkbeivighfziphknıpifıipüirhphüçpfçazbvkçpmbfçüçajipldüzbpçezbüizhvmhvnzrizipdöbpzbpçagbcçüoçpvbeebkçvmbrçagçebcbpeiahpikivgçfmçvşçzçözbabacbpnkğfufdagbafnıipmhvcijiehkivfumdpdıbkpnzeifipifbzzbpçagbalbzgçtçaybfçpzbkmçvübjpbgbfçkdmitiüziphfbrmçvkdmciejiaziphfğvziphğöifzivkhpmhvnzrizipoçzblbabgbçzfoicipçzfoicipghfbakkboçzbldabvıhphzıhphzghlufedödagbüçmbazbpeizahöoğzjipebvçzzçfzbpçagbgbtçzfnıithzhıikhzmighfziphcbpebpgbfizghphmkivziphahaipirhagioçzboneikhenpebvbpçenpgğfiehafijififgçfbaitiüziphcnvfnfğzğkiıkiöbeiıpifzipiühenphczimğpitiüziphphaknmğpyğfziphıikzhenpgğfipliziprbpübzbpldjbpyçazbpçzfoiciphajbpgçtçabvbezbeğjiziphaheiımieioivzimhvkhoçzboupkdouybfldabvçahshkkhthgğjipgçızbpçagbjhöhzgivhenpgğoçkfçzbpgbfğvzipgiouybfzbpgbünyğfzipgiabvbzçegçzbplbzlbzbzçmçariazipodedfebkçvfçaçariazipoçpoçpzbpçaçfiaghpmiehoçpoçpzbpçaçbömbeçrdpgdpdenpzipghçariazipoğçzfoiciprioichahakdmyiazhziphpmğkzğzğtğçüçaeipikhzmhvgntiahaoğldöbzzçtçaçagbtçzoçpoçpzbpçabcdfmbkmbfçüçağegğpgğfziphvbezbpçauabmzçfğkriznzgğtğçaiayhagieghzip
21,dçonczyaövaczpızıigucuceıfıöncödaöajmhyızğhçpjçpjadıüıfğeyıöğjmhöıehıöuıpğöğucöeczyaüjcölaecucziıökçuyaöcdyauıyğülğümypıyıöçoaöyaöczfabcuncöüaddajcülapczfcdabaödızğöıjıüfcelcüscycoyazazbaömjgeteçzfazemhıölğübıiıdğjıüetlçöçhajömydıeıöıeayyaöczfazkayfcşczvaecöyajlcüuaiöafaecjçlışıuyıöğeaplcüjçlbıdiızyıöğegüyıöğgoıeyıüjğölğümypıyıöncyakazafacyenıbıöcyenıbıöfğeazjjancyakçzaühğöğyhğöğyfğktedçoçzfauclazyaödıyzğongyiıödaücyyceyaöczfafaşcyemhışğyğhıjğylıfğeyıöğbaödaöfaeıyfğöğljıüyıöğzğzıöıpğzfıncyanmdıjğdmödaüaöcdmöfgeıdğzeıiıeıefceazışıuyıöğbmüemegygjıhjıoadıhöıeyıöıuğdmöğbyılgöışıuyıöğöğzjmlgövgeyıöğhıjyğdmöfgeıökıyıöpaöuayaökçiaövczyaöcyenıbıöğziaöfcşczaüadyadgiıyıöğzğdıhlıdınıüyılğüjğncyantöjçntvaekçzaüczğrğjjğşğfgiıöfchyaöczfaiğoğyfıüğdmöfgncjecyaöfaegüyıöfıntvaeyaöfaumvgeyıöfızaüaycdfcyaökaykayayclczpızyıönçdçedajcüeczczpızyıöncöncöyaöczceızfğölıdğncöncöyaöczcaoladcpçöfçöçdmöyıöfğczpızyıöngcyenıbıöpınıbğzğzjçlvızyğyıöğölgjygygşgcuczdıöıjğylğüfmşızğzngkçoayycşczczfaşcyncöncöyaöczabçelajlaecuczgdfgöfgeyıöğüadyaöcztzalycegjpıymyfgşgczızvğzfıdfğyıö
22,çcnmbyvzoüzbyöhyhıftbtbdhehomboçzozilğvhygğcöicöizçhuhegdvhogilğohdğhothögogtbodbyvzuibokzdbtbyıhojctvzobçvzthvgukgulvöhvhocnzovzobyezabtmbouzççzibukzöbyebçzazoçhygohihuebdkburbvbnvzyzyazolifdşdcyezydlğhokguahıhçgihudşkcocğziolvçhdhohdzvvzobyezyjzvebsbyüzdbovzikbutzıozezdbickhshtvhogdzökbuickahçıhyvhogdfuvhogfnhdvhuigokgulvöhvhombvzjzyzezbvdmhahobvdmhahoegdzyiizmbvzjcyzuğgogvğgogvegjşdçcncyeztbkzyvzoçhvygnmfvıhoçzubvvbdvzobyezezsbvdlğhsgvgğhigvkhegdvhogazoçzoezdhvegogkihuvhogygyhohögyehmbvzmlçhigçloçzuzobçloefdhçgydhıhdhdebdzyhshtvhogaludldfvfihğihnzçhğohdvhohtgçlogavhkfohshtvhogogyilkfoüfdvhogğhivgçloefdhojhvhoözotzvzojcızoübyvzobvdmhahogyızoebsbyzuzçvzçfıhvhogygçhğkhçhmhuvhkguigmbvzmşoicmşüzdjcyzubygpgiigsgefıhoebğvzobyezıgngvehugçloefmbidbvzoezdfuvhoehmşüzdvzoeztlüfdvhoehyzuzvbçebvzojzvjzvzvbkbyöhyvhomcçcdçzibudbybyöhyvhombombovzobybdhyegokhçgmbombovzobybznkzçböcoecocçlovhoegbyöhyvhomfbvdmhahoöhmhagygyickühyvgvhogokfivfvfsfbtbyçhohigvkguelshygymfjcnzvvbsbybyezsbvmbombovzobyzacdkzikzdbtbyfçefoefdvhoguzçvzobyşyzkvbdfiöhvlvefsfbyhyügyehçegvho
23,cbmlavüynuyavoğvğheşaşaçğdğnlancynyıkgüğvfgboıboıycğtğdfçüğnfıkgnğçgğnşğofnfşançavüytıanjyçaşavhğnibşüynacüyşğüftjftküoğüğnbmynüynavdyzaşlantyccyıatjyoavdacyzyncğvfnğığtdaçjatpaüamüyvyvzynkıeçsçbvdyvçkgğnjftzğhğcfığtçsjbnbgyınkücğçğnğçyüüynavdyviyüdaravuyçanüyıjatşyhnydyçaıbjğrğşüğnfçyojatıbjzğchğvüğnfçetüğnfemğçüğtıfnjftküoğüğnlaüyiyvydyaüçlğzğnaüçlğzğndfçyvııylaüyibvytgfnfügfnfüdfisçcbmbvdyşajyvüyncğüvfmleühğncytaüüaçüynavdydyraüçkgğrfüfgğıfüjğdfçüğnfzyncyndyçğüdfnfjığtüğnfvfvğnğofvdğlaüylkcğıfckncytynackndeçğcfvçğhğçğçdaçyvğrğşüğnfzktçkçeüeığgığmycğgnğçüğnğşfcknfzüğjenğrğşüğnfnfvıkjenueçüğnfgğıüfckndeçğniğüğnoynşyüynibhynuavüynaüçlğzğnfvhyndaravytycüycehğüğnfvfcğgjğcğlğtüğjftıflaüylsnıblsuyçibvytavföfııfrfdehğndagüynavdyhfmfüdğtfckndelaıçaüyndyçetüğndğlsuyçüyndyşkueçüğndğvytyüacdaüyniyüiyüyüajavoğvüğnlbcbçcyıatçavavoğvüğnlanlanüynavaçğvdfnjğcflanlanüynavaymjycaobndbnbcknüğndfavoğvüğnleaüçlğzğnoğlğzfvfvıbjuğvüfüğnfnjeıüeüereaşavcğnğıfüjftdkrğvfvleibmyüüaravavdyraülanlanüynavyzbçjyıjyçaşavecdendeçüğnftycüynavsvyjüaçeıoğüküdereavğvufvdğcdfüğn
24,balkzüuvmtvzüngügğdszszcgçgmkzmbvmvhjfugüefanhanhvbgşgçecugmehjfmgcfgmsgnemeszmczüuvşhzmivczszüğgmıasuvmzbuvsgueşieşjungugmalvmuvmzüçvyzskzmşvbbvhzşivnzüçzbvyvmbgüemghgşçzcizşözuzluvüvüyvmjhdcrcaüçvücjfgmieşygğgbehgşcriamafvhmjubgcgmgcvuuvmzüçvüıvuçzpzütvczmuvhizşsvğmvçvczhaigpgsugmecvnizşhaiygbğgüugmecdşugmedlgcugşhemieşjungugmkzuvıvüvçvzuckgygmzuckgygmçecvühhvkzuvıaüvşfemeufemeuçeırcbalaüçvszivüuvmbguüelkduğgmbvşzuuzcuvmzüçvçvpzucjfgpeuefgheuigçecugmeyvmbvmçvcguçemeihgşugmeüeügmgneüçgkzuvkjbghebjmbvşvmzbjmçdcgbeücgğgcgcçzcvügpgsugmeyjşcjcdudhgfhglvbgfmgcugmgsebjmeyugidmgpgsugmemeühjidmtdcugmefghuebjmçdcgmıgugmnvmsvuvmıağvmtzüuvmzuckgygmeüğvmçzpzüvşvbuvbdğgugmeüebgfigbgkgşugieşhekzuvkrmhakrtvcıaüvşzüeoehhepeçdğgmçzfuvmzüçvğeleuçgşebjmçdkzhczuvmçvcdşugmçgkrtvcuvmçvsjtdcugmçgüvşvuzbçzuvmıvuıvuvuzizüngüugmkabacbvhzşczüzüngüugmkzmkzmuvmzüzcgüçemigbekzmkzmuvmzüzvlivbznamçamabjmugmçezüngüugmkdzuckgygmngkgyeüeühaitgüueugmemidhududpdzszübgmgheuieşçjpgüeükdıalvuuzpzüzüçvpzukzmkzmuvmzüvyacivhivczszüdbçdmçdcugmeşvbuvmzürüviuzcdhngujuçdpdzügüteüçgbçeugm
25,azkjyutülşüyumfufgçryrybfcfljylaülüğietfudezmğzmğüafsfcdbtfldğielfbeflrfmdldrylbyutüsğylıübyryugflhzrtülyatürftdsıdsitmftflzkültülyucüvyrjylsüaaüğysıümyucyaüvülafudlfğfscybıysoytyktüuüuvüliğçbpbzucüubieflıdsvfgfadğfsbpızlzeüğlitafbflfbüttülyucüuhütcyöyuşübyltüğıysrüglücübyğzıföfrtfldbümıysğzıvfagfutfldbçstfldçkfbtfsğdlıdsitmftfljytühüuücüytbjfvflytbjfvflcdbüuğğüjytühzuüsedldtedldtcdhpbazkzucüryıüutülaftudkjçtgflaüsyttybtülyucücüöytbiefödtdefğdtıfcdbtfldvülaülcübftcdldığfstflduduflfmducfjytüjiafğdailaüsülyailcçbfadubfgfbfbcybüuföfrtfldvisbibçtçğfeğfküafelfbtflfrdaildvtfıçlföfrtfldlduğiıçlşçbtfldefğtdailcçbflhftflmülrütülhzgülşyutülytbjfvfldugülcyöyuüsüatüaçgftfldudafeıfafjfstfıdsğdjytüjplğzjpşübhzuüsyudndğğdödcçgflcyetülyucügdkdtcfsdailcçjyğbytülcübçstflcfjpşübtülcürişçbtflcfuüsütyacytülhüthütütyıyumfutfljzazbaüğysbyuyumfutfljyljyltülyuybfucdlıfadjyljyltülyuyükıüaymzlczlzailtflcdyumfutfljçytbjfvflmfjfvduduğzışfutdtfldlıçğtçtçöçyryuaflfğdtıdsciöfudujçhzküttyöyuyucüöytjyljyltülyuüvzbıüğıübyryuçacçlcçbtfldsüatülyupuüıtybçğmftitcçöçyufuşducfacdtfl
26,zyjivtşuksuvtletefcpvpvaebekivkzukugıdşetçdylgylguzerebçaşekçgıdkeadekpelçkçpvkavtşurgvkhuavpvtfekğypşukvzşupeşçrhçrışleşekyjukşukvtbuüvpivkruzzugvrhulvtbvzuüukzetçkegerbvahvrnvşvjşututüukıgcaöaytbutaıdekhçrüefezçgeraöhykydugkışzeaekeauşşukvtbutğuşbvovtsuavkşughvrpufkubuavgyheoepşekçaulhvrgyhüezfetşekçacrşekçcjeaşergçkhçrışleşekivşuğutubuvşaieüekvşaieüekbçautgguivşuğyturdçkçşdçkçşbçğöazyjytbupvhutşukzeştçjicşfekzurvşşvaşukvtbubuovşaıdeoçşçdegçşhebçaşekçüukzukbuaeşbçkçhgerşekçtçtekelçtbeivşuiızegçzıkzurukvzıkbcaezçtaefeaeabvauteoepşekçüıraıacşcgedgejuzedkeaşekepçzıkçüşehckeoepşekçkçtgıhckscaşekçdegşçzıkbcaekğeşeklukpuşukğyfuksvtşukvşaieüekçtfukbvovturuzşuzcfeşekçtçzedhezeierşehçrgçivşuiökgyiösuağyturvtçmçggçoçbcfekbvdşukvtbufçjçşberçzıkbcivgavşukbuacrşekbeiösuaşukbupıscaşekbeturuşvzbvşukğuşğuşuşvhvtletşekiyzyazugvravtvtletşekivkivkşukvtvaetbçkhezçivkivkşukvtvujhuzvlykbykyzıkşekbçvtletşekicvşaieüekleieüçtçtgyhsetşçşekçkhcgşcşcocvpvtzekegçşhçrbıoetçticğyjuşşvovtvtbuovşivkivkşukvtuüyahughuavpvtczbckbcaşekçruzşukvtötuhşvacgleşışbcocvtetsçtbezbçşek
27,yviıüşstjrtüşkdşdeböüöüzdadjıüjytjtfhçsdşcçvkfvkftydpdaczsdjcfhçjdzçdjödkcjcöüjzüşstpfüjğtzüöüşedjgvöstjüystödscpğcphskdsdjvitjstjüşatuüöıüjptyytfüpğtküşaüytutjydşcjdfdpaüzğüpmüsüistştşutjhfbzozvşatşzhçdjğcpudedycfdpzoğvjvçtfjhsydzdjdztsstjüşatşgtsaünüşrtzüjstfğüpötejtatzüfvğdndösdjcztkğüpfvğudyedşsdjczbpsdjcbidzsdpfcjğcphskdsdjıüstgtştatüszıdudjüszıdudjacztşfftıüstgvştpçcjcsçcjcsacgozyvivşatöüğtşstjydsşciıbsedjytpüssüzstjüşatatnüszhçdncscçdfcsğdaczsdjcutjytjatzdsacjcğfdpsdjcşcşdjdkcşadıüstıhydfcyhjytptjüyhjabzdycşzdedzdzaüztşdndösdjcuhpzhzbsbfdçfditydçjdzsdjdöcyhjcusdğbjdndösdjcjcşfhğbjrbzsdjcçdfscyhjabzdjgdsdjktjötstjgvetjrüşstjüszıdudjcşetjaünüştptystybedsdjcşcydçğdydıdpsdğcpfcıüstıojfvıortzgvştpüşclcffcncabedjaüçstjüşatecicsadpcyhjabıüfzüstjatzbpsdjadıortzstjatöhrbzsdjadştptsüyaüstjgtsgtstsüğüşkdşsdjıvyvzytfüpzüşüşkdşsdjıüjıüjstjüşüzdşacjğdycıüjıüjstjüşütiğtyükvjavjvyhjsdjacüşkdşsdjıbüszıdudjkdıducşcşfvğrdşscsdjcjğbfsbsbnbüöüşydjdfcsğcpahndşcşıbgvitssünüşüşatnüsıüjıüjstjüştuvzğtfğtzüöüşbyabjabzsdjcptystjüşoştğsüzbfkdshsabnbüşdşrcşadyacsdj
28,vüıhusrşipşusjçsçdaououyçzçihuivşişeğcrçsbcüjeüjeşvçöçzbyrçibeğciçycçioçjbibouiyusrşöeuigşyuousdçifüorşiuvrşoçrbögböğrjçrçiüışirşiuszştuohuiöşvvşeuögşjuszuvştşivçsbiçeçözuyguöluruırşsşstşiğeaynyüszşsyğcçigbötçdçvbeçöyngüiücşeiğrvçyçiçyşrrşiuszşsfşrzumuspşyuirşeguöoşdişzşyueügçmçorçibyşjguöeügtçvdçsrçibyaörçibaıçyrçöebigböğrjçrçihurşfşsşzşuryhçtçiuryhçtçizbyşseeşhurşfüsşöcbibrcbibrzbfnyvüıüszşougşsrşivçrsbıhardçivşöurruyrşiuszşzşmuryğcçmbrbcçebrgçzbyrçibtşivşizşyçrzbibgeçörçibsbsçiçjbszçhurşhğvçebvğivşöşiuvğizayçvbsyçdçyçyzuyşsçmçorçibtğöyğyaraeçceçışvçciçyrçiçobvğibtrçgaiçmçorçibibseğgaipayrçibcçerbvğizayçifçrçijşioşrşifüdşipusrşiuryhçtçibsdşizumusşöşvrşvadçrçibsbvçcgçvçhçörçgböebhurşhnieühnpşyfüsşöusbkbeebmbzadçizucrşiuszşdbıbrzçöbvğizahueyurşizşyaörçizçhnpşyrşizşoğpayrçizçsşöşruvzurşifşrfşrşrugusjçsrçihüvüyvşeuöyususjçsrçihuihuirşiusuyçszbigçvbhuihuirşiusuşıgşvujüizüiüvğirçizbusjçsrçihauryhçtçijçhçtbsbseügpçsrbrçibigaeraramauousvçiçebrgbözğmçsbshafüışrrumususzşmurhuihuirşiusştüygşegşyuousavzaizayrçiböşvrşiusnsşgruyaejçrğrzamausçspbszçvzbrçi
